{"cameraMode":{"drawMode":0,"name":"Shaded","section":"Shading Mode"},"sceneLighting":true,"audioPlay":false,"sceneViewState":{"m_AlwaysRefresh":false,"showFog":true,"showSkybox":true,"showFlares":true,"showImageEffects":true,"showParticleSystems":true,"showVisualEffectGraphs":true,"m_FxEnabled":true},"in2DMode":false,"pivot":{"x":335.97283935546877,"y":215.33221435546876,"z":-345.161376953125},"rotation":{"x":0.036276835948228839,"y":0.037462156265974048,"z":-0.001359619782306254,"w":0.9986457824707031},"size":10.167120933532715,"orthographic":false}